"","regexp","celltype","align_UTR","n_UTR_aligned"
"GAATGTGGCA","AATGTGGCA","Macro","TRUE","333"
"GGGATTACAGGT","ATTA(C|G)(A|G)G(A|G)TTAC","Neu","TRUE","7"
"GGGATTACAGGT","GG(G|T)(A|G|T)(A|T)(C|T)A(C|G)(A|G)(G|T)","B","TRUE","8004"
"GGGATTACAGGT","G(A|G)(G|T)(A|G|T)(A|T)(C|T)A(C|G)GT","NK","TRUE","2265"
"GAGAAACCTTAC","G(A|G)(A|G)(A|G)(A|G)(A|G)(C|T)(C|T)(A|T)(C|T)(A|C)C","Squamous","TRUE","2234"
"ACAGGCGTGAGCC","(A|G)G(C|G)(A|C|G)(C|T)(A|G)(A|G)(C|G)C(C|G)TG","Neu","TRUE","1233"
"ACAGGCGTGAGCC","C(A|C|G)(C|T)(A|G)(A|G)(C|G)C(C|G)(G|T)(A|G)A","B","TRUE","1110"
"ACAGGCGTGAGCC","GGC(A|C|G)(C|T)(A|G)(A|G)(C|G)C(C|G)TG","NK","TRUE","333"
"GAGTAGCTGGGA","(A|T)(A|G)(A|G)(C|G)T(A|G)G(C|G)(A|T)G","Neu","TRUE","6925"
"GAGTAGCTGGGA","GAGTAGCTGG","B","TRUE","1184"
"GAGTAGCTGGGA","T(A|G)(A|G)(C|G)T(A|G)G(C|G)(A|T)G","NK","TRUE","3427"
"TTCACCATGTT","TTCACCATGTT","B","TRUE","901"
"TTCACCATGTT","TTCACCATGTT","T","TRUE","901"
"TTCACCATGTT","TTCACCATGTT","Macro","TRUE","901"
"GGGAAAGCCTTC","GAA(A|G)CCTTC","Squamous","TRUE","306"
"CACCTCGGCCTC","TC(C|G|T)(A|G)CCTCGGC","B","TRUE","46"
"CACCTCGGCCTC","CCTCGGCCTC","Mono","TRUE","785"
"CACCTCGGCCTC","TC(G|T)GCCTCGGC","NK","TRUE","27"
"CACCTCGGCCTC","TC(G|T)GCCTCGGC","T","TRUE","27"
"CACCTCGGCCTC","TC(C|G|T)(A|G)CCTCGGC","Macro","TRUE","46"
"CACCTCGGCCTC","TC(C|G|T)(A|G)CCTCGGC","Plasma","TRUE","46"
"CACCTCGGCCTC","CCTC(C|G)(A|G)CCTCG","DC","TRUE","16"
"TCGTGATCCGCC","T(C|G)(A|G)T(C|G)(A|C)(G|T)CC","B","TRUE","3176"
"TCGTGATCCGCC","T(C|G)(A|G)T(C|G)(A|C)(G|T)CC","T","TRUE","3176"
"TCGTGATCCGCC","T(C|G)(A|G)T(C|G)(A|C)(G|T)CC","Macro","TRUE","3176"
"TCGTGATCCGCC","T(C|G)(A|G)T(C|G)(A|C)(G|T)CC","Plasma","TRUE","3176"
"TCGTGATCCGCC","TGAT(C|T)CG(C|T)(C|G)ATC","DC","TRUE","12"
"CTGCCTCAGCC","CTGCCTCAGCC","Mono","TRUE","1560"
"CTGCCTCAGCC","CTGCCTCAGCC","NK","TRUE","1560"
"CTGCCTCAGCC","CTGCCTCAGCC","Macro","TRUE","1560"
"TTACAGGCGTGAGCC","T(C|T)(A|C|G)(C|T)(A|G|T)(A|G)(C|G)(C|T)(C|G)(G|T)GA","Mono","TRUE","3166"
"TTACAGGCGTGAGCC","T(C|T)(A|C|G)(C|T)(A|G)(A|G)(C|G)(C|T)(C|G)(G|T)GA","Macro","TRUE","2471"
"TTACAGGCGTGAGCC","TTA(C|G|T)(A|C|G|T)(A|C|G)(A|C|G)(C|T)(A|G)(A|C|G|T)(C|G)CC","Plasma","TRUE","650"
"GAATTCATACTGGA","TT(C|G)AT(A|C)(A|C)(C|T)GGA","Plasma","TRUE","224"
"AACCCTATGAAT","AACC(C|T)TATGA","Squamous","TRUE","130"
